Num√©ro,Elements,info,base_value,GEO / FACTOR,J1,J2,J3,J4,J5,Ref,Score_panel,Player_ID,NomPren,Nation,StartingNb,ScoreTotal,Rank,ScoreElem,ScoreComp,Deduction
1,2F!q+2Lo<,<,3.16,-0.90,-5,-5,-5,-4,-5,-5,2.26,1 Yelyzaveta CHUBENKO,Yelyzaveta CHUBENKO,FRA,18,51.85,1,24.51,27.34,0.00
2,2Lz+1A+1A+SEQ,,4.30,0.21,2,1,0,1,1,1,4.51,1 Yelyzaveta CHUBENKO,Yelyzaveta CHUBENKO,FRA,18,51.85,1,24.51,27.34,0.00
3,2S,,1.30,0.17,1,2,0,1,2,0,1.47,1 Yelyzaveta CHUBENKO,Yelyzaveta CHUBENKO,FRA,18,51.85,1,24.51,27.34,0.00
4,2Lo,,1.70,0.06,0,1,0,0,1,0,1.76,1 Yelyzaveta CHUBENKO,Yelyzaveta CHUBENKO,FRA,18,51.85,1,24.51,27.34,0.00
5,CCoSp3,,3.00,0.60,2,2,1,2,2,2,3.60,1 Yelyzaveta CHUBENKO,Yelyzaveta CHUBENKO,FRA,18,51.85,1,24.51,27.34,0.00
6,2Lz,,2.10,0.28,1,1,1,2,2,1,2.38,1 Yelyzaveta CHUBENKO,Yelyzaveta CHUBENKO,FRA,18,51.85,1,24.51,27.34,0.00
7,ChSq1,,3.00,0.83,2,1,1,2,2,1,3.83,1 Yelyzaveta CHUBENKO,Yelyzaveta CHUBENKO,FRA,18,51.85,1,24.51,27.34,0.00
8,2F!,!,1.80,-0.18,-1,0,-1,-2,-1,-1,1.62,1 Yelyzaveta CHUBENKO,Yelyzaveta CHUBENKO,FRA,18,51.85,1,24.51,27.34,0.00
9,FCSp3,,2.80,0.28,1,1,1,2,1,1,3.08,1 Yelyzaveta CHUBENKO,Yelyzaveta CHUBENKO,FRA,18,51.85,1,24.51,27.34,0.00
Total,,,23.16,,,,,,,,24.51,1 Yelyzaveta CHUBENKO,Yelyzaveta CHUBENKO,FRA,18,51.85,1,24.51,27.34,0.00
,Composition,,,2.13,3.75,3.50,4.25,4.50,4.50,4.00,4.17,1 Yelyzaveta CHUBENKO,Yelyzaveta CHUBENKO,FRA,18,51.85,1,24.51,27.34,0.00
,Presentation,,,2.13,4.50,3.75,4.00,4.50,4.25,4.50,4.25,1 Yelyzaveta CHUBENKO,Yelyzaveta CHUBENKO,FRA,18,51.85,1,24.51,27.34,0.00
,Skating Skills,,,2.13,4.25,4.50,4.25,4.50,4.50,4.50,4.42,1 Yelyzaveta CHUBENKO,Yelyzaveta CHUBENKO,FRA,18,51.85,1,24.51,27.34,0.00
1,2Lo+1A+SEQ,,2.80,0.11,1,1,0,0,1,2,2.91,2 Harmonie PIERSON,Harmonie PIERSON,FRA,32,50.82,2,24.01,26.81,0.00
2,2F+2Lo+2T,,4.80,0.00,1,0,0,0,0,1,4.80,2 Harmonie PIERSON,Harmonie PIERSON,FRA,32,50.82,2,24.01,26.81,0.00
3,ChSq1,,3.00,0.67,2,1,1,1,2,2,3.67,2 Harmonie PIERSON,Harmonie PIERSON,FRA,32,50.82,2,24.01,26.81,0.00
4,2Lz!,!,2.10,-0.21,-1,-1,-1,-2,-1,-1,1.89,2 Harmonie PIERSON,Harmonie PIERSON,FRA,32,50.82,2,24.01,26.81,0.00
5,CCoSp4,,3.50,0.12,2,0,1,0,0,2,3.62,2 Harmonie PIERSON,Harmonie PIERSON,FRA,32,50.82,2,24.01,26.81,0.00
6,2F,,1.80,0.12,2,1,0,0,1,1,1.92,2 Harmonie PIERSON,Harmonie PIERSON,FRA,32,50.82,2,24.01,26.81,0.00
7,2T,,1.30,0.09,2,1,0,0,1,1,1.39,2 Harmonie PIERSON,Harmonie PIERSON,FRA,32,50.82,2,24.01,26.81,0.00
8,2Lze,e,1.68,-0.39,-2,-2,-3,-3,-2,-2,1.29,2 Harmonie PIERSON,Harmonie PIERSON,FRA,32,50.82,2,24.01,26.81,0.00
9,FCCSp3,,2.80,-0.28,-2,-2,0,0,-1,0,2.52,2 Harmonie PIERSON,Harmonie PIERSON,FRA,32,50.82,2,24.01,26.81,0.00
Total,,,23.78,,,,,,,,24.01,2 Harmonie PIERSON,Harmonie PIERSON,FRA,32,50.82,2,24.01,26.81,0.00
,Composition,,,2.13,4.50,4.50,4.00,4.50,4.25,4.50,4.42,2 Harmonie PIERSON,Harmonie PIERSON,FRA,32,50.82,2,24.01,26.81,0.00
,Presentation,,,2.13,4.75,4.50,4.25,4.00,4.00,4.50,4.25,2 Harmonie PIERSON,Harmonie PIERSON,FRA,32,50.82,2,24.01,26.81,0.00
,Skating Skills,,,2.13,4.25,3.75,4.00,4.00,3.75,4.75,3.92,2 Harmonie PIERSON,Harmonie PIERSON,FRA,32,50.82,2,24.01,26.81,0.00
1,2Lo,,1.70,0.34,1,2,2,2,2,1,2.04,3 Julia GUILHOT,Julia GUILHOT,FRA,30,50.80,3,23.67,27.13,0.00
2,2Fe+2T,e,2.74,-0.24,-1,-2,-2,-1,-2,-2,2.50,3 Julia GUILHOT,Julia GUILHOT,FRA,30,50.80,3,23.67,27.13,0.00
3,2Lz+2T+1A+SEQ,,4.50,0.42,2,2,2,2,2,1,4.92,3 Julia GUILHOT,Julia GUILHOT,FRA,30,50.80,3,23.67,27.13,0.00
4,CCoSp4,,3.50,0.35,2,1,1,1,1,2,3.85,3 Julia GUILHOT,Julia GUILHOT,FRA,30,50.80,3,23.67,27.13,0.00
5,2Lo,,1.70,0.28,2,1,2,1,2,1,1.98,3 Julia GUILHOT,Julia GUILHOT,FRA,30,50.80,3,23.67,27.13,0.00
6,ChSq1,,3.00,0.00,0,0,0,0,1,0,3.00,3 Julia GUILHOT,Julia GUILHOT,FRA,30,50.80,3,23.67,27.13,0.00
7,2Fe,e,1.44,-0.34,-3,-2,-3,-1,-2,-3,1.10,3 Julia GUILHOT,Julia GUILHOT,FRA,30,50.80,3,23.67,27.13,0.00
8,FCSSp3,,2.60,-0.35,-2,-2,0,-1,-1,1,2.25,3 Julia GUILHOT,Julia GUILHOT,FRA,30,50.80,3,23.67,27.13,0.00
9,2Lz,,2.10,-0.07,0,-1,0,0,-1,0,2.03,3 Julia GUILHOT,Julia GUILHOT,FRA,30,50.80,3,23.67,27.13,0.00
Total,,,23.28,,,,,,,,23.67,3 Julia GUILHOT,Julia GUILHOT,FRA,30,50.80,3,23.67,27.13,0.00
,Composition,,,2.13,4.25,4.00,4.50,4.50,4.25,4.50,4.33,3 Julia GUILHOT,Julia GUILHOT,FRA,30,50.80,3,23.67,27.13,0.00
,Presentation,,,2.13,4.00,4.00,4.25,4.25,4.00,4.25,4.08,3 Julia GUILHOT,Julia GUILHOT,FRA,30,50.80,3,23.67,27.13,0.00
,Skating Skills,,,2.13,4.25,4.25,4.50,4.25,4.50,4.50,4.33,3 Julia GUILHOT,Julia GUILHOT,FRA,30,50.80,3,23.67,27.13,0.00
1,2F+2Tq+2Lo<,<,4.46,-0.60,-5,-2,-4,-2,-4,-4,3.86,4 Filippa PIERREVILLE,Filippa PIERREVILLE,FRA,9,50.10,4,24.01,26.09,0.00
2,2Lz+1A+SEQ,,3.20,0.21,0,1,1,1,2,0,3.41,4 Filippa PIERREVILLE,Filippa PIERREVILLE,FRA,9,50.10,4,24.01,26.09,0.00
3,2S,,1.30,0.00,-1,0,0,0,0,-1,1.30,4 Filippa PIERREVILLE,Filippa PIERREVILLE,FRA,9,50.10,4,24.01,26.09,0.00
4,2Lo,,1.70,0.11,1,1,0,0,1,1,1.81,4 Filippa PIERREVILLE,Filippa PIERREVILLE,FRA,9,50.10,4,24.01,26.09,0.00
5,CCoSp4,,3.50,0.58,2,1,2,2,1,1,4.08,4 Filippa PIERREVILLE,Filippa PIERREVILLE,FRA,9,50.10,4,24.01,26.09,0.00
6,2F,,1.80,0.12,0,1,1,0,2,1,1.92,4 Filippa PIERREVILLE,Filippa PIERREVILLE,FRA,9,50.10,4,24.01,26.09,0.00
7,2Lzq,q,2.10,-0.49,-2,-3,-3,-2,-1,-2,1.61,4 Filippa PIERREVILLE,Filippa PIERREVILLE,FRA,9,50.10,4,24.01,26.09,0.00
8,ChSq1,,3.00,0.33,-1,0,0,2,2,-1,3.33,4 Filippa PIERREVILLE,Filippa PIERREVILLE,FRA,9,50.10,4,24.01,26.09,0.00
9,FCSSp3,,2.60,0.09,1,-1,1,0,0,0,2.69,4 Filippa PIERREVILLE,Filippa PIERREVILLE,FRA,9,50.10,4,24.01,26.09,0.00
Total,,,23.66,,,,,,,,24.01,4 Filippa PIERREVILLE,Filippa PIERREVILLE,FRA,9,50.10,4,24.01,26.09,0.00
,Composition,,,2.13,4.00,3.50,4.25,4.50,4.50,3.75,4.25,4 Filippa PIERREVILLE,Filippa PIERREVILLE,FRA,9,50.10,4,24.01,26.09,0.00
,Presentation,,,2.13,3.75,3.50,4.25,4.00,4.25,4.00,4.00,4 Filippa PIERREVILLE,Filippa PIERREVILLE,FRA,9,50.10,4,24.01,26.09,0.00
,Skating Skills,,,2.13,3.50,4.00,4.00,4.00,4.25,4.00,4.00,4 Filippa PIERREVILLE,Filippa PIERREVILLE,FRA,9,50.10,4,24.01,26.09,0.00
1,2A<,F,2.64,-1.32,-5,-5,-5,-5,-5,-5,1.32,5 Lilou MORLON,Lilou MORLON,FRA,14,48.36,5,23.46,25.90,-1.00
2,2Lz,,2.10,0.07,1,0,0,0,1,1,2.17,5 Lilou MORLON,Lilou MORLON,FRA,14,48.36,5,23.46,25.90,-1.00
3,2F+1A+2T+SEQ,,4.20,0.12,1,2,0,0,1,1,4.32,5 Lilou MORLON,Lilou MORLON,FRA,14,48.36,5,23.46,25.90,-1.00
4,FCSSp1,,1.90,0.13,-1,1,2,2,-1,0,2.03,5 Lilou MORLON,Lilou MORLON,FRA,14,48.36,5,23.46,25.90,-1.00
5,2Lz+2T,,3.40,0.14,1,1,0,0,1,1,3.54,5 Lilou MORLON,Lilou MORLON,FRA,14,48.36,5,23.46,25.90,-1.00
6,2F,,1.80,0.24,1,3,1,1,2,1,2.04,5 Lilou MORLON,Lilou MORLON,FRA,14,48.36,5,23.46,25.90,-1.00
7,ChSq1,,3.00,0.17,0,1,0,0,1,-1,3.17,5 Lilou MORLON,Lilou MORLON,FRA,14,48.36,5,23.46,25.90,-1.00
8,2Lo,,1.70,0.17,1,2,0,1,1,1,1.87,5 Lilou MORLON,Lilou MORLON,FRA,14,48.36,5,23.46,25.90,-1.00
9,CCoSp3,,3.00,0.00,0,-1,0,1,0,-1,3.00,5 Lilou MORLON,Lilou MORLON,FRA,14,48.36,5,23.46,25.90,-1.00
Total,,,23.74,,,,,,,,23.46,5 Lilou MORLON,Lilou MORLON,FRA,14,48.36,5,23.46,25.90,-1.00
,Composition,,,2.13,4.00,3.75,4.25,4.00,4.25,3.25,4.08,5 Lilou MORLON,Lilou MORLON,FRA,14,48.36,5,23.46,25.90,-1.00
,Presentation,,,2.13,3.50,3.50,4.00,4.00,4.00,3.50,3.83,5 Lilou MORLON,Lilou MORLON,FRA,14,48.36,5,23.46,25.90,-1.00
,Skating Skills,,,2.13,4.25,4.25,4.25,4.00,4.25,4.25,4.25,5 Lilou MORLON,Lilou MORLON,FRA,14,48.36,5,23.46,25.90,-1.00
1,2Lz,,2.10,-0.21,-1,-1,-1,-2,-1,-1,1.89,6 Candice MANIBAL,Candice MANIBAL,FRA,3,47.35,6,24.25,23.10,0.00
2,2Lz+2T+1A+SEQ,,4.50,0.00,1,0,0,-1,0,1,4.50,6 Candice MANIBAL,Candice MANIBAL,FRA,3,47.35,6,24.25,23.10,0.00
3,CCoSp4,,3.50,0.23,1,0,0,1,1,1,3.73,6 Candice MANIBAL,Candice MANIBAL,FRA,3,47.35,6,24.25,23.10,0.00
4,2F,,1.80,0.06,1,1,0,0,0,0,1.86,6 Candice MANIBAL,Candice MANIBAL,FRA,3,47.35,6,24.25,23.10,0.00
5,2Lo,,1.70,0.00,0,0,0,-1,0,0,1.70,6 Candice MANIBAL,Candice MANIBAL,FRA,3,47.35,6,24.25,23.10,0.00
6,ChSq1,,3.00,0.00,0,-2,0,1,0,-1,3.00,6 Candice MANIBAL,Candice MANIBAL,FRA,3,47.35,6,24.25,23.10,0.00
7,2F,,1.80,0.00,0,0,0,0,0,0,1.80,6 Candice MANIBAL,Candice MANIBAL,FRA,3,47.35,6,24.25,23.10,0.00
8,2Lo+2T,,3.00,0.00,0,1,0,-1,0,0,3.00,6 Candice MANIBAL,Candice MANIBAL,FRA,3,47.35,6,24.25,23.10,0.00
9,FSSp3,,2.60,0.17,1,0,0,2,1,0,2.77,6 Candice MANIBAL,Candice MANIBAL,FRA,3,47.35,6,24.25,23.10,0.00
Total,,,24.00,,,,,,,,24.25,6 Candice MANIBAL,Candice MANIBAL,FRA,3,47.35,6,24.25,23.10,0.00
,Composition,,,2.13,3.25,3.50,3.75,4.25,3.75,3.50,3.67,6 Candice MANIBAL,Candice MANIBAL,FRA,3,47.35,6,24.25,23.10,0.00
,Presentation,,,2.13,3.50,3.25,3.50,4.25,4.00,3.50,3.67,6 Candice MANIBAL,Candice MANIBAL,FRA,3,47.35,6,24.25,23.10,0.00
,Skating Skills,,,2.13,3.50,3.75,3.50,3.50,3.50,3.25,3.50,6 Candice MANIBAL,Candice MANIBAL,FRA,3,47.35,6,24.25,23.10,0.00
1,2F+2T+1A+SEQ,,4.20,0.12,1,1,0,0,1,1,4.32,7 Eloise DESJARDINS,Eloise DESJARDINS,FRA,25,47.17,7,22.14,25.03,0.00
2,2Lo,,1.70,0.00,1,0,0,0,0,0,1.70,7 Eloise DESJARDINS,Eloise DESJARDINS,FRA,25,47.17,7,22.14,25.03,0.00
3,CCoSp3,,3.00,-0.30,-1,-1,0,-1,-1,-1,2.70,7 Eloise DESJARDINS,Eloise DESJARDINS,FRA,25,47.17,7,22.14,25.03,0.00
4,2Lz!,!,2.10,-0.21,-2,0,0,-2,-1,-1,1.89,7 Eloise DESJARDINS,Eloise DESJARDINS,FRA,25,47.17,7,22.14,25.03,0.00
5,2Lo,,1.70,0.00,0,0,0,-1,0,0,1.70,7 Eloise DESJARDINS,Eloise DESJARDINS,FRA,25,47.17,7,22.14,25.03,0.00
6,ChSq1,,3.00,0.00,0,0,0,0,0,0,3.00,7 Eloise DESJARDINS,Eloise DESJARDINS,FRA,25,47.17,7,22.14,25.03,0.00
7,2F+2T,,3.10,0.00,0,0,0,0,0,0,3.10,7 Eloise DESJARDINS,Eloise DESJARDINS,FRA,25,47.17,7,22.14,25.03,0.00
8,2S,,1.30,0.13,1,1,1,0,1,1,1.43,7 Eloise DESJARDINS,Eloise DESJARDINS,FRA,25,47.17,7,22.14,25.03,0.00
9,FSSp2,,2.30,0.00,0,-1,0,0,1,-1,2.30,7 Eloise DESJARDINS,Eloise DESJARDINS,FRA,25,47.17,7,22.14,25.03,0.00
Total,,,22.40,,,,,,,,22.14,7 Eloise DESJARDINS,Eloise DESJARDINS,FRA,25,47.17,7,22.14,25.03,0.00
,Composition,,,2.13,4.00,4.25,4.00,3.75,4.00,3.75,4.00,7 Eloise DESJARDINS,Eloise DESJARDINS,FRA,25,47.17,7,22.14,25.03,0.00
,Presentation,,,2.13,4.00,4.00,4.00,4.00,4.25,4.00,4.00,7 Eloise DESJARDINS,Eloise DESJARDINS,FRA,25,47.17,7,22.14,25.03,0.00
,Skating Skills,,,2.13,3.50,3.75,4.25,3.75,3.75,3.75,3.75,7 Eloise DESJARDINS,Eloise DESJARDINS,FRA,25,47.17,7,22.14,25.03,0.00
1,2Lz+2T+2T<<,<<,3.80,-0.84,-4,-4,-3,-4,-4,-3,2.96,8 Faustine BRIGHELLI,Faustine BRIGHELLI,FRA,27,46.86,8,22.89,23.97,0.00
2,1A,,1.10,0.11,1,1,0,1,1,1,1.21,8 Faustine BRIGHELLI,Faustine BRIGHELLI,FRA,27,46.86,8,22.89,23.97,0.00
3,2F+2Lo,,3.50,-0.18,-1,-1,-1,-1,-2,-1,3.32,8 Faustine BRIGHELLI,Faustine BRIGHELLI,FRA,27,46.86,8,22.89,23.97,0.00
4,CCoSp4,,3.50,0.00,0,0,0,0,0,0,3.50,8 Faustine BRIGHELLI,Faustine BRIGHELLI,FRA,27,46.86,8,22.89,23.97,0.00
5,2Lz,,2.10,0.00,0,0,0,0,0,1,2.10,8 Faustine BRIGHELLI,Faustine BRIGHELLI,FRA,27,46.86,8,22.89,23.97,0.00
6,2Lo,,1.70,0.00,0,1,0,0,0,1,1.70,8 Faustine BRIGHELLI,Faustine BRIGHELLI,FRA,27,46.86,8,22.89,23.97,0.00
7,ChSq1,,3.00,0.00,-2,0,0,0,1,-1,3.00,8 Faustine BRIGHELLI,Faustine BRIGHELLI,FRA,27,46.86,8,22.89,23.97,0.00
8,2F,,1.80,0.00,0,0,0,0,0,1,1.80,8 Faustine BRIGHELLI,Faustine BRIGHELLI,FRA,27,46.86,8,22.89,23.97,0.00
9,FCSSp4,,3.00,0.30,1,1,1,1,1,2,3.30,8 Faustine BRIGHELLI,Faustine BRIGHELLI,FRA,27,46.86,8,22.89,23.97,0.00
Total,,,23.50,,,,,,,,22.89,8 Faustine BRIGHELLI,Faustine BRIGHELLI,FRA,27,46.86,8,22.89,23.97,0.00
,Composition,,,2.13,3.50,3.75,4.00,4.25,4.00,4.00,3.92,8 Faustine BRIGHELLI,Faustine BRIGHELLI,FRA,27,46.86,8,22.89,23.97,0.00
,Presentation,,,2.13,3.25,3.50,3.50,3.50,3.50,3.75,3.50,8 Faustine BRIGHELLI,Faustine BRIGHELLI,FRA,27,46.86,8,22.89,23.97,0.00
,Skating Skills,,,2.13,3.75,4.00,4.00,3.75,3.75,4.00,3.83,8 Faustine BRIGHELLI,Faustine BRIGHELLI,FRA,27,46.86,8,22.89,23.97,0.00
1,2F!+2T+1A+SEQ,!,4.20,-0.12,-1,0,0,-1,-1,-1,4.08,9 Raynourou BACAR,Raynourou BACAR,FRA,29,46.65,9,23.41,23.24,0.00
2,2Lz+2T,,3.40,0.21,1,0,1,2,1,0,3.61,9 Raynourou BACAR,Raynourou BACAR,FRA,29,46.65,9,23.41,23.24,0.00
3,2F!,!,1.80,-0.18,-1,-1,0,-1,-1,-1,1.62,9 Raynourou BACAR,Raynourou BACAR,FRA,29,46.65,9,23.41,23.24,0.00
4,CCoSp4,,3.50,0.12,1,0,2,0,-1,1,3.62,9 Raynourou BACAR,Raynourou BACAR,FRA,29,46.65,9,23.41,23.24,0.00
5,2Lo,,1.70,0.11,0,2,1,0,1,0,1.81,9 Raynourou BACAR,Raynourou BACAR,FRA,29,46.65,9,23.41,23.24,0.00
6,2Lo,,1.70,0.00,0,1,0,0,0,0,1.70,9 Raynourou BACAR,Raynourou BACAR,FRA,29,46.65,9,23.41,23.24,0.00
7,2S,,1.30,0.04,0,2,0,0,1,1,1.34,9 Raynourou BACAR,Raynourou BACAR,FRA,29,46.65,9,23.41,23.24,0.00
8,ChSq1,,3.00,-0.17,-1,-2,0,0,1,-1,2.83,9 Raynourou BACAR,Raynourou BACAR,FRA,29,46.65,9,23.41,23.24,0.00
9,FCSp3,,2.80,0.00,-1,-1,0,2,1,-1,2.80,9 Raynourou BACAR,Raynourou BACAR,FRA,29,46.65,9,23.41,23.24,0.00
Total,,,23.40,,,,,,,,23.41,9 Raynourou BACAR,Raynourou BACAR,FRA,29,46.65,9,23.41,23.24,0.00
,Composition,,,2.13,3.25,3.25,4.00,3.50,3.25,3.75,3.33,9 Raynourou BACAR,Raynourou BACAR,FRA,29,46.65,9,23.41,23.24,0.00
,Presentation,,,2.13,3.50,3.50,3.75,3.50,3.25,3.50,3.50,9 Raynourou BACAR,Raynourou BACAR,FRA,29,46.65,9,23.41,23.24,0.00
,Skating Skills,,,2.13,3.75,4.00,4.25,4.25,4.00,4.00,4.08,9 Raynourou BACAR,Raynourou BACAR,FRA,29,46.65,9,23.41,23.24,0.00
1,2F+2T,,3.10,0.18,1,1,0,1,1,1,3.28,10 Faustine POLO,Faustine POLO,FRA,6,46.60,10,22.97,23.63,0.00
2,2Lo,,1.70,0.11,1,2,0,0,1,1,1.81,10 Faustine POLO,Faustine POLO,FRA,6,46.60,10,22.97,23.63,0.00
3,FCSSp3,,2.60,-0.09,1,-1,0,0,-1,1,2.51,10 Faustine POLO,Faustine POLO,FRA,6,46.60,10,22.97,23.63,0.00
4,2F,,1.80,0.18,1,1,0,1,1,1,1.98,10 Faustine POLO,Faustine POLO,FRA,6,46.60,10,22.97,23.63,0.00
5,2Lzq,q,2.10,-0.42,-2,-2,-2,-2,-2,-2,1.68,10 Faustine POLO,Faustine POLO,FRA,6,46.60,10,22.97,23.63,0.00
6,2Lzq,q,2.10,-0.42,-1,-2,-2,-2,-2,-2,1.68,10 Faustine POLO,Faustine POLO,FRA,6,46.60,10,22.97,23.63,0.00
7,2S+1A+2Loq+SEQ,q,4.10,-0.34,-2,-2,-2,-2,-3,-2,3.76,10 Faustine POLO,Faustine POLO,FRA,6,46.60,10,22.97,23.63,0.00
8,ChSq1,,3.00,0.17,1,-1,0,0,1,0,3.17,10 Faustine POLO,Faustine POLO,FRA,6,46.60,10,22.97,23.63,0.00
9,CCoSp3,,3.00,0.10,1,0,0,1,0,0,3.10,10 Faustine POLO,Faustine POLO,FRA,6,46.60,10,22.97,23.63,0.00
Total,,,23.50,,,,,,,,22.97,10 Faustine POLO,Faustine POLO,FRA,6,46.60,10,22.97,23.63,0.00
,Composition,,,2.13,4.00,3.25,3.50,3.75,3.75,3.25,3.67,10 Faustine POLO,Faustine POLO,FRA,6,46.60,10,22.97,23.63,0.00
,Presentation,,,2.13,3.75,3.50,3.50,3.75,4.00,3.75,3.67,10 Faustine POLO,Faustine POLO,FRA,6,46.60,10,22.97,23.63,0.00
,Skating Skills,,,2.13,4.00,3.75,3.75,3.50,3.75,4.00,3.75,10 Faustine POLO,Faustine POLO,FRA,6,46.60,10,22.97,23.63,0.00
1,2Lz+2T+1A+SEQ,,4.50,0.14,1,1,0,1,0,1,4.64,11 Louna ROBIN,Louna ROBIN,FRA,22,46.30,11,22.33,23.97,0.00
2,2A<<,<<,1.10,-0.55,-5,-5,-5,-5,-5,-5,0.55,11 Louna ROBIN,Louna ROBIN,FRA,22,46.30,11,22.33,23.97,0.00
3,2F+2T,,3.10,0.00,-1,1,0,0,0,0,3.10,11 Louna ROBIN,Louna ROBIN,FRA,22,46.30,11,22.33,23.97,0.00
4,FCSp3,,2.80,0.19,0,0,1,1,1,1,2.99,11 Louna ROBIN,Louna ROBIN,FRA,22,46.30,11,22.33,23.97,0.00
5,2Lo,,1.70,0.06,0,1,0,0,1,0,1.76,11 Louna ROBIN,Louna ROBIN,FRA,22,46.30,11,22.33,23.97,0.00
6,ChSq1,,3.00,0.17,-1,1,0,1,0,-1,3.17,11 Louna ROBIN,Louna ROBIN,FRA,22,46.30,11,22.33,23.97,0.00
7,2Fq,q,1.80,-0.36,-2,-2,-2,-2,-2,-2,1.44,11 Louna ROBIN,Louna ROBIN,FRA,22,46.30,11,22.33,23.97,0.00
8,2Lzq,q,2.10,-0.42,-2,-2,-2,-2,-2,-2,1.68,11 Louna ROBIN,Louna ROBIN,FRA,22,46.30,11,22.33,23.97,0.00
9,CCoSp3,,3.00,0.00,0,0,0,1,0,0,3.00,11 Louna ROBIN,Louna ROBIN,FRA,22,46.30,11,22.33,23.97,0.00
Total,,,23.10,,,,,,,,22.33,11 Louna ROBIN,Louna ROBIN,FRA,22,46.30,11,22.33,23.97,0.00
,Composition,,,2.13,3.50,4.00,3.75,4.25,3.25,3.50,3.75,11 Louna ROBIN,Louna ROBIN,FRA,22,46.30,11,22.33,23.97,0.00
,Presentation,,,2.13,3.25,3.50,3.75,4.00,3.25,2.75,3.50,11 Louna ROBIN,Louna ROBIN,FRA,22,46.30,11,22.33,23.97,0.00
,Skating Skills,,,2.13,4.00,4.25,4.00,4.00,3.75,3.75,4.00,11 Louna ROBIN,Louna ROBIN,FRA,22,46.30,11,22.33,23.97,0.00
1,2Lo+2T,,3.00,0.23,1,1,1,2,2,2,3.23,12 Eva HOUSSIN,Eva HOUSSIN,FRA,31,46.22,12,22.02,25.20,-1.00
2,2Lz!,F,2.10,-1.05,-5,-5,-5,-5,-5,-5,1.05,12 Eva HOUSSIN,Eva HOUSSIN,FRA,31,46.22,12,22.02,25.20,-1.00
3,2Lz,,2.10,0.00,1,0,0,-1,0,1,2.10,12 Eva HOUSSIN,Eva HOUSSIN,FRA,31,46.22,12,22.02,25.20,-1.00
4,2F,F,1.80,-0.90,-5,-5,-5,-5,-5,-5,0.90,12 Eva HOUSSIN,Eva HOUSSIN,FRA,31,46.22,12,22.02,25.20,-1.00
5,FCSSp3,,2.60,-0.17,0,-2,0,-1,-1,0,2.43,12 Eva HOUSSIN,Eva HOUSSIN,FRA,31,46.22,12,22.02,25.20,-1.00
6,2F+1A+2T+SEQ,,4.20,0.00,1,0,0,0,0,1,4.20,12 Eva HOUSSIN,Eva HOUSSIN,FRA,31,46.22,12,22.02,25.20,-1.00
7,CCoSp3,,3.00,0.30,2,1,1,0,1,2,3.30,12 Eva HOUSSIN,Eva HOUSSIN,FRA,31,46.22,12,22.02,25.20,-1.00
8,ChSq1,,3.00,0.00,0,0,0,0,1,0,3.00,12 Eva HOUSSIN,Eva HOUSSIN,FRA,31,46.22,12,22.02,25.20,-1.00
9,2Lo,,1.70,0.11,1,1,0,0,1,1,1.81,12 Eva HOUSSIN,Eva HOUSSIN,FRA,31,46.22,12,22.02,25.20,-1.00
Total,,,23.50,,,,,,,,22.02,12 Eva HOUSSIN,Eva HOUSSIN,FRA,31,46.22,12,22.02,25.20,-1.00
,Composition,,,2.13,4.00,3.50,3.75,3.75,4.00,3.75,3.83,12 Eva HOUSSIN,Eva HOUSSIN,FRA,31,46.22,12,22.02,25.20,-1.00
,Presentation,,,2.13,3.75,3.25,3.75,4.00,4.25,4.00,3.83,12 Eva HOUSSIN,Eva HOUSSIN,FRA,31,46.22,12,22.02,25.20,-1.00
,Skating Skills,,,2.13,4.00,3.75,4.25,4.25,4.25,4.25,4.17,12 Eva HOUSSIN,Eva HOUSSIN,FRA,31,46.22,12,22.02,25.20,-1.00
1,1A+2Lo+2T,,4.10,0.06,1,1,0,0,0,0,4.16,13 Philippine GOGLY,Philippine GOGLY,FRA,21,46.14,13,22.14,24.50,-0.50
2,2Lz,,2.10,0.14,1,1,0,0,1,0,2.24,13 Philippine GOGLY,Philippine GOGLY,FRA,21,46.14,13,22.14,24.50,-0.50
3,2Lo,,1.70,0.06,1,0,0,0,1,0,1.76,13 Philippine GOGLY,Philippine GOGLY,FRA,21,46.14,13,22.14,24.50,-0.50
4,FSSp2,,2.30,0.08,0,0,0,2,1,1,2.38,13 Philippine GOGLY,Philippine GOGLY,FRA,21,46.14,13,22.14,24.50,-0.50
5,2Fe,F,1.44,-0.72,-5,-5,-5,-5,-5,-5,0.72,13 Philippine GOGLY,Philippine GOGLY,FRA,21,46.14,13,22.14,24.50,-0.50
6,2Fe+2T,e,2.74,-0.63,-4,-3,-5,-5,-4,-5,2.11,13 Philippine GOGLY,Philippine GOGLY,FRA,21,46.14,13,22.14,24.50,-0.50
7,CCoSp4,,3.50,0.00,0,0,0,1,-1,1,3.50,13 Philippine GOGLY,Philippine GOGLY,FRA,21,46.14,13,22.14,24.50,-0.50
8,ChSq1,,3.00,0.17,-1,0,0,1,2,-1,3.17,13 Philippine GOGLY,Philippine GOGLY,FRA,21,46.14,13,22.14,24.50,-0.50
9,2Lz,,2.10,0.00,0,0,0,0,0,0,2.10,13 Philippine GOGLY,Philippine GOGLY,FRA,21,46.14,13,22.14,24.50,-0.50
Total,,,22.98,,,,,,,,22.14,13 Philippine GOGLY,Philippine GOGLY,FRA,21,46.14,13,22.14,24.50,-0.50
,Composition,,,2.13,3.75,3.50,4.00,4.00,4.00,4.00,3.92,13 Philippine GOGLY,Philippine GOGLY,FRA,21,46.14,13,22.14,24.50,-0.50
,Presentation,,,2.13,3.75,3.75,3.75,3.75,4.25,3.50,3.75,13 Philippine GOGLY,Philippine GOGLY,FRA,21,46.14,13,22.14,24.50,-0.50
,Skating Skills,,,2.13,4.00,3.50,4.00,3.75,3.75,3.75,3.83,13 Philippine GOGLY,Philippine GOGLY,FRA,21,46.14,13,22.14,24.50,-0.50
1,2Lz!+2T+1A+SEQ,!,4.50,-0.42,-2,-2,0,-2,-2,-2,4.08,14 Lou ESCROUZAILLES,Lou ESCROUZAILLES,FRA,17,45.88,14,21.91,23.97,0.00
2,2F,,1.80,0.06,0,1,0,0,1,0,1.86,14 Lou ESCROUZAILLES,Lou ESCROUZAILLES,FRA,17,45.88,14,21.91,23.97,0.00
3,2Lze+2T,e,2.98,-0.56,-3,-3,-4,-4,-3,-4,2.42,14 Lou ESCROUZAILLES,Lou ESCROUZAILLES,FRA,17,45.88,14,21.91,23.97,0.00
4,CCoSp4,,3.50,-0.23,0,-1,-1,0,-1,0,3.27,14 Lou ESCROUZAILLES,Lou ESCROUZAILLES,FRA,17,45.88,14,21.91,23.97,0.00
5,2Lo,,1.70,0.06,0,1,0,0,1,0,1.76,14 Lou ESCROUZAILLES,Lou ESCROUZAILLES,FRA,17,45.88,14,21.91,23.97,0.00
6,ChSq1,,3.00,0.17,-1,0,0,1,1,-1,3.17,14 Lou ESCROUZAILLES,Lou ESCROUZAILLES,FRA,17,45.88,14,21.91,23.97,0.00
7,2Lo,,1.70,0.06,0,1,0,0,1,0,1.76,14 Lou ESCROUZAILLES,Lou ESCROUZAILLES,FRA,17,45.88,14,21.91,23.97,0.00
8,2F!,!,1.80,-0.90,-5,-5,-5,-5,-5,-5,0.90,14 Lou ESCROUZAILLES,Lou ESCROUZAILLES,FRA,17,45.88,14,21.91,23.97,0.00
9,FSSp3,,2.60,0.09,1,-2,0,0,1,1,2.69,14 Lou ESCROUZAILLES,Lou ESCROUZAILLES,FRA,17,45.88,14,21.91,23.97,0.00
Total,,,23.58,,,,,,,,21.91,14 Lou ESCROUZAILLES,Lou ESCROUZAILLES,FRA,17,45.88,14,21.91,23.97,0.00
,Composition,,,2.13,3.50,3.50,4.00,4.00,4.00,3.50,3.83,14 Lou ESCROUZAILLES,Lou ESCROUZAILLES,FRA,17,45.88,14,21.91,23.97,0.00
,Presentation,,,2.13,3.50,3.25,3.75,3.75,4.25,3.50,3.67,14 Lou ESCROUZAILLES,Lou ESCROUZAILLES,FRA,17,45.88,14,21.91,23.97,0.00
,Skating Skills,,,2.13,3.75,3.50,4.00,3.50,4.00,3.75,3.75,14 Lou ESCROUZAILLES,Lou ESCROUZAILLES,FRA,17,45.88,14,21.91,23.97,0.00
1,2Lz+1A+2T+SEQ,,4.50,-0.07,1,0,0,-1,-1,1,4.43,15 Clemence LAVAL,Clemence LAVAL,FRA,7,45.43,15,22.68,23.25,-0.50
2,2Lo,,1.70,0.17,1,1,1,1,1,0,1.87,15 Clemence LAVAL,Clemence LAVAL,FRA,7,45.43,15,22.68,23.25,-0.50
3,2Lz+2T,F,3.40,-1.05,-5,-5,-5,-5,-5,-5,2.35,15 Clemence LAVAL,Clemence LAVAL,FRA,7,45.43,15,22.68,23.25,-0.50
4,FSSp3,,2.60,0.09,0,0,0,2,1,0,2.69,15 Clemence LAVAL,Clemence LAVAL,FRA,7,45.43,15,22.68,23.25,-0.50
5,ChSq1,,3.00,0.17,-2,0,0,2,1,-1,3.17,15 Clemence LAVAL,Clemence LAVAL,FRA,7,45.43,15,22.68,23.25,-0.50
6,2Lo,,1.70,-0.11,-1,-1,0,0,-2,-1,1.59,15 Clemence LAVAL,Clemence LAVAL,FRA,7,45.43,15,22.68,23.25,-0.50
7,2F,,1.80,0.06,0,1,0,0,1,0,1.86,15 Clemence LAVAL,Clemence LAVAL,FRA,7,45.43,15,22.68,23.25,-0.50
8,2F,,1.80,0.00,0,0,0,0,0,0,1.80,15 Clemence LAVAL,Clemence LAVAL,FRA,7,45.43,15,22.68,23.25,-0.50
9,CCoSp4,,3.50,-0.58,-2,-1,-2,-2,-1,-2,2.92,15 Clemence LAVAL,Clemence LAVAL,FRA,7,45.43,15,22.68,23.25,-0.50
Total,,,24.00,,,,,,,,22.68,15 Clemence LAVAL,Clemence LAVAL,FRA,7,45.43,15,22.68,23.25,-0.50
,Composition,,,2.13,3.25,3.50,3.75,4.25,3.50,3.50,3.58,15 Clemence LAVAL,Clemence LAVAL,FRA,7,45.43,15,22.68,23.25,-0.50
,Presentation,,,2.13,3.00,3.25,4.00,3.75,3.75,3.00,3.58,15 Clemence LAVAL,Clemence LAVAL,FRA,7,45.43,15,22.68,23.25,-0.50
,Skating Skills,,,2.13,3.50,3.50,4.00,3.75,4.00,3.50,3.75,15 Clemence LAVAL,Clemence LAVAL,FRA,7,45.43,15,22.68,23.25,-0.50
1,2F+1A+2Tq+SEQ,q,4.20,-0.60,-3,-3,-4,-4,-3,-3,3.60,16 Hanna SEMLALI,Hanna SEMLALI,FRA,4,45.10,16,22.69,22.91,-0.50
2,2F+2T<,<,2.84,-0.36,-2,-2,-2,-2,-2,-2,2.48,16 Hanna SEMLALI,Hanna SEMLALI,FRA,4,45.10,16,22.69,22.91,-0.50
3,2Lo,,1.70,0.23,1,2,0,1,2,1,1.93,16 Hanna SEMLALI,Hanna SEMLALI,FRA,4,45.10,16,22.69,22.91,-0.50
4,2Lz,F,2.10,-1.05,-5,-5,-5,-5,-5,-5,1.05,16 Hanna SEMLALI,Hanna SEMLALI,FRA,4,45.10,16,22.69,22.91,-0.50
5,FSSp3,,2.60,-0.09,-1,-2,0,0,1,0,2.51,16 Hanna SEMLALI,Hanna SEMLALI,FRA,4,45.10,16,22.69,22.91,-0.50
6,2Lo,,1.70,0.11,0,1,0,1,1,1,1.81,16 Hanna SEMLALI,Hanna SEMLALI,FRA,4,45.10,16,22.69,22.91,-0.50
7,ChSq1,,3.00,0.50,0,1,1,1,1,0,3.50,16 Hanna SEMLALI,Hanna SEMLALI,FRA,4,45.10,16,22.69,22.91,-0.50
8,2Lz,,2.10,0.21,1,1,0,1,1,1,2.31,16 Hanna SEMLALI,Hanna SEMLALI,FRA,4,45.10,16,22.69,22.91,-0.50
9,CCoSp4,,3.50,0.00,0,-1,0,0,1,0,3.50,16 Hanna SEMLALI,Hanna SEMLALI,FRA,4,45.10,16,22.69,22.91,-0.50
Total,,,23.74,,,,,,,,22.69,16 Hanna SEMLALI,Hanna SEMLALI,FRA,4,45.10,16,22.69,22.91,-0.50
,Composition,,,2.13,3.50,3.00,3.75,4.00,4.00,3.50,3.75,16 Hanna SEMLALI,Hanna SEMLALI,FRA,4,45.10,16,22.69,22.91,-0.50
,Presentation,,,2.13,3.25,3.25,3.75,3.50,3.75,3.75,3.50,16 Hanna SEMLALI,Hanna SEMLALI,FRA,4,45.10,16,22.69,22.91,-0.50
,Skating Skills,,,2.13,3.50,3.25,3.50,3.50,3.75,3.75,3.50,16 Hanna SEMLALI,Hanna SEMLALI,FRA,4,45.10,16,22.69,22.91,-0.50
1,2A<,<,2.64,-1.06,-4,-4,-4,-3,-4,-5,1.58,17 Eva LEGUEBE,Eva LEGUEBE,FRA,19,44.96,17,21.88,23.08,0.00
2,2Lz+2Tq+2Lo<,<,4.76,-0.91,-5,-5,-4,-4,-4,-4,3.85,17 Eva LEGUEBE,Eva LEGUEBE,FRA,19,44.96,17,21.88,23.08,0.00
3,2F,,1.80,0.00,0,0,0,0,0,0,1.80,17 Eva LEGUEBE,Eva LEGUEBE,FRA,19,44.96,17,21.88,23.08,0.00
4,FSSp2,,2.30,0.00,1,-2,0,0,0,1,2.30,17 Eva LEGUEBE,Eva LEGUEBE,FRA,19,44.96,17,21.88,23.08,0.00
5,2Lo+2T,,3.00,0.00,1,0,0,0,0,0,3.00,17 Eva LEGUEBE,Eva LEGUEBE,FRA,19,44.96,17,21.88,23.08,0.00
6,ChSq1,,3.00,-0.17,-1,-1,0,0,1,-1,2.83,17 Eva LEGUEBE,Eva LEGUEBE,FRA,19,44.96,17,21.88,23.08,0.00
7,2F,,1.80,0.00,0,0,0,0,0,0,1.80,17 Eva LEGUEBE,Eva LEGUEBE,FRA,19,44.96,17,21.88,23.08,0.00
8,2S,,1.30,0.04,0,1,0,0,1,1,1.34,17 Eva LEGUEBE,Eva LEGUEBE,FRA,19,44.96,17,21.88,23.08,0.00
9,CCoSp4,,3.50,-0.12,-1,-1,0,0,1,1,3.38,17 Eva LEGUEBE,Eva LEGUEBE,FRA,19,44.96,17,21.88,23.08,0.00
Total,,,24.10,,,,,,,,21.88,17 Eva LEGUEBE,Eva LEGUEBE,FRA,19,44.96,17,21.88,23.08,0.00
,Composition,,,2.13,3.25,3.00,3.75,3.75,4.00,3.00,3.58,17 Eva LEGUEBE,Eva LEGUEBE,FRA,19,44.96,17,21.88,23.08,0.00
,Presentation,,,2.13,3.25,3.25,3.50,3.75,3.75,3.25,3.50,17 Eva LEGUEBE,Eva LEGUEBE,FRA,19,44.96,17,21.88,23.08,0.00
,Skating Skills,,,2.13,3.75,3.25,3.75,3.75,4.00,4.00,3.75,17 Eva LEGUEBE,Eva LEGUEBE,FRA,19,44.96,17,21.88,23.08,0.00
1,1A+2Lo+2Loq,q,4.50,-0.62,-3,-3,-4,-4,-4,-2,3.88,18 Clemence PRIEUR du PERRAY,Clemence PRIEUR du PERRAY,FRA,8,44.92,18,22.55,22.37,0.00
2,2Sq+2Tq,q,2.60,-0.39,-2,-4,-4,-2,-3,-4,2.21,18 Clemence PRIEUR du PERRAY,Clemence PRIEUR du PERRAY,FRA,8,44.92,18,22.55,22.37,0.00
3,FCSSp4,,3.00,0.20,1,1,0,0,1,1,3.20,18 Clemence PRIEUR du PERRAY,Clemence PRIEUR du PERRAY,FRA,8,44.92,18,22.55,22.37,0.00
4,2Lz,,2.10,0.00,0,0,0,0,-1,0,2.10,18 Clemence PRIEUR du PERRAY,Clemence PRIEUR du PERRAY,FRA,8,44.92,18,22.55,22.37,0.00
5,2F,,1.80,0.00,0,0,0,0,1,0,1.80,18 Clemence PRIEUR du PERRAY,Clemence PRIEUR du PERRAY,FRA,8,44.92,18,22.55,22.37,0.00
6,2F,,1.80,0.00,0,0,0,0,0,0,1.80,18 Clemence PRIEUR du PERRAY,Clemence PRIEUR du PERRAY,FRA,8,44.92,18,22.55,22.37,0.00
7,2Lzq,q,2.10,-0.42,-2,-2,-2,-2,-2,-2,1.68,18 Clemence PRIEUR du PERRAY,Clemence PRIEUR du PERRAY,FRA,8,44.92,18,22.55,22.37,0.00
8,ChSq1,,3.00,-0.50,-1,-1,-1,-1,-1,-3,2.50,18 Clemence PRIEUR du PERRAY,Clemence PRIEUR du PERRAY,FRA,8,44.92,18,22.55,22.37,0.00
9,CCoSp4,,3.50,-0.12,-1,-1,0,1,0,0,3.38,18 Clemence PRIEUR du PERRAY,Clemence PRIEUR du PERRAY,FRA,8,44.92,18,22.55,22.37,0.00
Total,,,24.40,,,,,,,,22.55,18 Clemence PRIEUR du PERRAY,Clemence PRIEUR du PERRAY,FRA,8,44.92,18,22.55,22.37,0.00
,Composition,,,2.13,3.50,3.50,3.50,3.50,4.00,2.75,3.50,18 Clemence PRIEUR du PERRAY,Clemence PRIEUR du PERRAY,FRA,8,44.92,18,22.55,22.37,0.00
,Presentation,,,2.13,3.75,3.75,3.25,3.25,3.75,3.00,3.58,18 Clemence PRIEUR du PERRAY,Clemence PRIEUR du PERRAY,FRA,8,44.92,18,22.55,22.37,0.00
,Skating Skills,,,2.13,3.50,3.25,3.50,3.25,3.75,3.25,3.42,18 Clemence PRIEUR du PERRAY,Clemence PRIEUR du PERRAY,FRA,8,44.92,18,22.55,22.37,0.00
1,2A<<,F,1.10,-0.55,-5,-5,-5,-5,-5,-5,0.55,19 Tiara MARECHAL,Tiara MARECHAL,FRA,23,44.39,19,20.94,23.95,-0.50
2,2Lz+2T+1A+SEQ,,4.50,0.00,0,0,0,0,0,1,4.50,19 Tiara MARECHAL,Tiara MARECHAL,FRA,23,44.39,19,20.94,23.95,-0.50
3,2F,,1.80,0.00,0,0,0,0,1,0,1.80,19 Tiara MARECHAL,Tiara MARECHAL,FRA,23,44.39,19,20.94,23.95,-0.50
4,2Lz!,!,2.10,-0.42,-2,-2,-2,-2,-2,-3,1.68,19 Tiara MARECHAL,Tiara MARECHAL,FRA,23,44.39,19,20.94,23.95,-0.50
5,FCSSp3,,2.60,0.09,1,0,0,0,1,0,2.69,19 Tiara MARECHAL,Tiara MARECHAL,FRA,23,44.39,19,20.94,23.95,-0.50
6,2F!,!,1.80,-0.36,-3,-2,-1,-2,-2,-2,1.44,19 Tiara MARECHAL,Tiara MARECHAL,FRA,23,44.39,19,20.94,23.95,-0.50
7,2Loq+2Lo<,<,3.06,-0.74,-5,-5,-4,-4,-4,-4,2.32,19 Tiara MARECHAL,Tiara MARECHAL,FRA,23,44.39,19,20.94,23.95,-0.50
8,CCoSp4V,,2.63,0.00,0,0,0,0,-1,-1,2.63,19 Tiara MARECHAL,Tiara MARECHAL,FRA,23,44.39,19,20.94,23.95,-0.50
9,ChSq1,,3.00,0.33,1,0,0,2,1,0,3.33,19 Tiara MARECHAL,Tiara MARECHAL,FRA,23,44.39,19,20.94,23.95,-0.50
Total,,,22.59,,,,,,,,20.94,19 Tiara MARECHAL,Tiara MARECHAL,FRA,23,44.39,19,20.94,23.95,-0.50
,Composition,,,2.13,3.50,3.50,3.75,3.50,4.25,3.75,3.58,19 Tiara MARECHAL,Tiara MARECHAL,FRA,23,44.39,19,20.94,23.95,-0.50
,Presentation,,,2.13,3.50,3.00,3.75,3.50,4.00,3.75,3.58,19 Tiara MARECHAL,Tiara MARECHAL,FRA,23,44.39,19,20.94,23.95,-0.50
,Skating Skills,,,2.13,4.00,3.75,4.25,4.00,4.25,3.75,4.08,19 Tiara MARECHAL,Tiara MARECHAL,FRA,23,44.39,19,20.94,23.95,-0.50
1,2Lo,,1.70,0.17,1,2,1,1,1,1,1.87,20 Leyla MAIGA,Leyla MAIGA,FRA,24,44.29,20,19.62,24.67,0.00
2,2F<<,<<,0.50,-0.25,-5,-5,-5,-5,-5,-5,0.25,20 Leyla MAIGA,Leyla MAIGA,FRA,24,44.29,20,19.62,24.67,0.00
3,2Lz,,2.10,-0.42,-2,-2,-3,-2,-2,-4,1.68,20 Leyla MAIGA,Leyla MAIGA,FRA,24,44.29,20,19.62,24.67,0.00
4,2F+2Tq+1A+SEQ,q,4.20,-0.36,-1,-2,-2,-2,-2,-2,3.84,20 Leyla MAIGA,Leyla MAIGA,FRA,24,44.29,20,19.62,24.67,0.00
5,ChSq1,,3.00,-0.17,0,-1,0,-1,1,0,2.83,20 Leyla MAIGA,Leyla MAIGA,FRA,24,44.29,20,19.62,24.67,0.00
6,2Lz!,!,2.10,-0.42,-3,-2,-2,-2,-2,-1,1.68,20 Leyla MAIGA,Leyla MAIGA,FRA,24,44.29,20,19.62,24.67,0.00
7,2Lo+2T<,<,2.74,-0.45,-3,-3,-2,-2,-3,-2,2.29,20 Leyla MAIGA,Leyla MAIGA,FRA,24,44.29,20,19.62,24.67,0.00
8,FCSSp3,,2.60,0.00,1,-1,0,1,-2,-1,2.60,20 Leyla MAIGA,Leyla MAIGA,FRA,24,44.29,20,19.62,24.67,0.00
9,CCoSp2,,2.50,0.08,0,1,0,1,-1,0,2.58,20 Leyla MAIGA,Leyla MAIGA,FRA,24,44.29,20,19.62,24.67,0.00
Total,,,21.44,,,,,,,,19.62,20 Leyla MAIGA,Leyla MAIGA,FRA,24,44.29,20,19.62,24.67,0.00
,Composition,,,2.13,4.00,3.75,4.00,4.50,4.00,3.25,4.00,20 Leyla MAIGA,Leyla MAIGA,FRA,24,44.29,20,19.62,24.67,0.00
,Presentation,,,2.13,3.50,3.50,3.75,4.50,4.00,3.25,3.75,20 Leyla MAIGA,Leyla MAIGA,FRA,24,44.29,20,19.62,24.67,0.00
,Skating Skills,,,2.13,3.75,3.75,4.00,4.00,3.75,3.50,3.83,20 Leyla MAIGA,Leyla MAIGA,FRA,24,44.29,20,19.62,24.67,0.00
1,2Lo+2T,,3.00,0.00,0,1,0,0,0,0,3.00,21 Nolwenn ROBIC,Nolwenn ROBIC,FRA,10,43.41,21,21.77,21.64,0.00
2,2F+1A+2T+SEQ,,4.20,0.00,0,1,0,0,0,1,4.20,21 Nolwenn ROBIC,Nolwenn ROBIC,FRA,10,43.41,21,21.77,21.64,0.00
3,2Lz,,2.10,0.00,0,0,0,0,0,0,2.10,21 Nolwenn ROBIC,Nolwenn ROBIC,FRA,10,43.41,21,21.77,21.64,0.00
4,CCoSp4,,3.50,-0.35,-2,-1,-1,-1,-1,0,3.15,21 Nolwenn ROBIC,Nolwenn ROBIC,FRA,10,43.41,21,21.77,21.64,0.00
5,2Lz,,2.10,-0.07,-1,0,0,0,-1,-1,2.03,21 Nolwenn ROBIC,Nolwenn ROBIC,FRA,10,43.41,21,21.77,21.64,0.00
6,FCSSp3,,2.60,-0.09,-1,-1,0,0,0,0,2.51,21 Nolwenn ROBIC,Nolwenn ROBIC,FRA,10,43.41,21,21.77,21.64,0.00
7,ChSq1,,3.00,0.00,0,-1,0,0,1,-1,3.00,21 Nolwenn ROBIC,Nolwenn ROBIC,FRA,10,43.41,21,21.77,21.64,0.00
8,2Lo,,1.70,-0.17,-1,-1,-1,-1,-1,-2,1.53,21 Nolwenn ROBIC,Nolwenn ROBIC,FRA,10,43.41,21,21.77,21.64,0.00
9,2F<<,<<,0.50,-0.25,-5,-5,-5,-5,-5,-5,0.25,21 Nolwenn ROBIC,Nolwenn ROBIC,FRA,10,43.41,21,21.77,21.64,0.00
Total,,,22.70,,,,,,,,21.77,21 Nolwenn ROBIC,Nolwenn ROBIC,FRA,10,43.41,21,21.77,21.64,0.00
,Composition,,,2.13,3.25,3.25,3.50,3.00,3.50,3.75,3.33,21 Nolwenn ROBIC,Nolwenn ROBIC,FRA,10,43.41,21,21.77,21.64,0.00
,Presentation,,,2.13,3.50,3.25,3.25,2.75,3.75,3.50,3.33,21 Nolwenn ROBIC,Nolwenn ROBIC,FRA,10,43.41,21,21.77,21.64,0.00
,Skating Skills,,,2.13,3.50,3.50,3.50,3.25,3.50,3.50,3.50,21 Nolwenn ROBIC,Nolwenn ROBIC,FRA,10,43.41,21,21.77,21.64,0.00
1,2F+2T+1A+SEQ,,4.20,0.00,0,0,0,0,0,0,4.20,22 Amandine CHAN,Amandine CHAN,FRA,26,43.10,22,19.77,24.33,-1.00
2,2Lo,,1.70,-0.11,-1,-1,0,0,-1,-1,1.59,22 Amandine CHAN,Amandine CHAN,FRA,26,43.10,22,19.77,24.33,-1.00
3,2Lz,,2.10,0.07,1,2,0,0,0,1,2.17,22 Amandine CHAN,Amandine CHAN,FRA,26,43.10,22,19.77,24.33,-1.00
4,CCoSp4,,3.50,0.35,1,1,0,1,1,1,3.85,22 Amandine CHAN,Amandine CHAN,FRA,26,43.10,22,19.77,24.33,-1.00
5,ChSq1,,3.00,0.67,2,1,1,1,2,2,3.67,22 Amandine CHAN,Amandine CHAN,FRA,26,43.10,22,19.77,24.33,-1.00
6,2Lo,,1.70,-0.45,-3,-3,-3,-2,-2,-2,1.25,22 Amandine CHAN,Amandine CHAN,FRA,26,43.10,22,19.77,24.33,-1.00
7,2F,F,1.80,-0.90,-5,-5,-5,-5,-5,-5,0.90,22 Amandine CHAN,Amandine CHAN,FRA,26,43.10,22,19.77,24.33,-1.00
8,2Lz<<,F,0.60,-0.30,-5,-5,-5,-5,-5,-5,0.30,22 Amandine CHAN,Amandine CHAN,FRA,26,43.10,22,19.77,24.33,-1.00
9,FCSSp2,,2.30,-0.46,-1,-3,-2,-2,-2,-1,1.84,22 Amandine CHAN,Amandine CHAN,FRA,26,43.10,22,19.77,24.33,-1.00
Total,,,20.90,,,,,,,,19.77,22 Amandine CHAN,Amandine CHAN,FRA,26,43.10,22,19.77,24.33,-1.00
,Composition,,,2.13,3.75,3.75,3.75,3.75,3.50,4.25,3.75,22 Amandine CHAN,Amandine CHAN,FRA,26,43.10,22,19.77,24.33,-1.00
,Presentation,,,2.13,3.50,3.25,3.50,3.50,3.50,3.75,3.50,22 Amandine CHAN,Amandine CHAN,FRA,26,43.10,22,19.77,24.33,-1.00
,Skating Skills,,,2.13,4.25,4.50,4.25,4.00,3.75,4.00,4.17,22 Amandine CHAN,Amandine CHAN,FRA,26,43.10,22,19.77,24.33,-1.00
1,2A<<,F,1.10,-0.55,-5,-5,-5,-5,-5,-5,0.55,23 Angelique FILIPOVICH,Angelique FILIPOVICH,FRA,28,40.92,23,18.48,23.44,-1.00
2,2Lz,F,2.10,-1.05,-5,-5,-5,-5,-5,-5,1.05,23 Angelique FILIPOVICH,Angelique FILIPOVICH,FRA,28,40.92,23,18.48,23.44,-1.00
3,2F!+1T,!,2.20,-0.48,-2,-2,-3,-3,-3,-2,1.72,23 Angelique FILIPOVICH,Angelique FILIPOVICH,FRA,28,40.92,23,18.48,23.44,-1.00
4,CCoSp3,,3.00,0.40,2,1,0,1,2,1,3.40,23 Angelique FILIPOVICH,Angelique FILIPOVICH,FRA,28,40.92,23,18.48,23.44,-1.00
5,ChSq1,,3.00,0.33,1,0,0,1,1,0,3.33,23 Angelique FILIPOVICH,Angelique FILIPOVICH,FRA,28,40.92,23,18.48,23.44,-1.00
6,2Lzq+1A+1A+SEQ,q,4.30,-0.56,-2,-2,-3,-3,-3,-2,3.74,23 Angelique FILIPOVICH,Angelique FILIPOVICH,FRA,28,40.92,23,18.48,23.44,-1.00
7,1Lo,,0.50,-0.02,1,-1,-2,0,0,0,0.48,23 Angelique FILIPOVICH,Angelique FILIPOVICH,FRA,28,40.92,23,18.48,23.44,-1.00
8,2Fe,e,1.44,-0.43,-2,-3,-3,-3,-3,-3,1.01,23 Angelique FILIPOVICH,Angelique FILIPOVICH,FRA,28,40.92,23,18.48,23.44,-1.00
9,FCSSp4,,3.00,0.20,1,0,0,2,1,1,3.20,23 Angelique FILIPOVICH,Angelique FILIPOVICH,FRA,28,40.92,23,18.48,23.44,-1.00
Total,,,20.64,,,,,,,,18.48,23 Angelique FILIPOVICH,Angelique FILIPOVICH,FRA,28,40.92,23,18.48,23.44,-1.00
,Composition,,,2.13,4.00,3.50,3.50,3.25,4.00,4.25,3.67,23 Angelique FILIPOVICH,Angelique FILIPOVICH,FRA,28,40.92,23,18.48,23.44,-1.00
,Presentation,,,2.13,3.50,3.50,3.25,3.75,4.25,3.25,3.58,23 Angelique FILIPOVICH,Angelique FILIPOVICH,FRA,28,40.92,23,18.48,23.44,-1.00
,Skating Skills,,,2.13,3.75,3.75,3.75,3.50,3.75,3.75,3.75,23 Angelique FILIPOVICH,Angelique FILIPOVICH,FRA,28,40.92,23,18.48,23.44,-1.00
1,2F+2Tq,q,3.10,-0.42,-2,-2,-3,-3,-2,-2,2.68,24 Leane POULIQUEN,Leane POULIQUEN,FRA,13,40.89,24,19.92,21.47,-0.50
2,2Lze,e,1.68,-0.50,-3,-2,-3,-3,-3,-3,1.18,24 Leane POULIQUEN,Leane POULIQUEN,FRA,13,40.89,24,19.92,21.47,-0.50
3,2Lo+1A+2T+SEQ,,4.10,-0.51,-3,-3,-3,-3,-3,-3,3.59,24 Leane POULIQUEN,Leane POULIQUEN,FRA,13,40.89,24,19.92,21.47,-0.50
4,FCSSp3,,2.60,-0.35,-1,-2,0,-2,-1,0,2.25,24 Leane POULIQUEN,Leane POULIQUEN,FRA,13,40.89,24,19.92,21.47,-0.50
5,2Lze,e,1.68,-0.50,-3,-3,-3,-3,-3,-3,1.18,24 Leane POULIQUEN,Leane POULIQUEN,FRA,13,40.89,24,19.92,21.47,-0.50
6,ChSq1,,3.00,0.00,-2,0,0,0,1,-3,3.00,24 Leane POULIQUEN,Leane POULIQUEN,FRA,13,40.89,24,19.92,21.47,-0.50
7,2F,F,1.80,-0.90,-5,-5,-5,-5,-5,-5,0.90,24 Leane POULIQUEN,Leane POULIQUEN,FRA,13,40.89,24,19.92,21.47,-0.50
8,2Lo,,1.70,0.06,0,1,0,0,1,0,1.76,24 Leane POULIQUEN,Leane POULIQUEN,FRA,13,40.89,24,19.92,21.47,-0.50
9,CCoSp4,,3.50,-0.12,-1,-1,0,0,0,1,3.38,24 Leane POULIQUEN,Leane POULIQUEN,FRA,13,40.89,24,19.92,21.47,-0.50
Total,,,23.16,,,,,,,,19.92,24 Leane POULIQUEN,Leane POULIQUEN,FRA,13,40.89,24,19.92,21.47,-0.50
,Composition,,,2.13,3.00,3.25,3.25,3.50,3.50,3.00,3.33,24 Leane POULIQUEN,Leane POULIQUEN,FRA,13,40.89,24,19.92,21.47,-0.50
,Presentation,,,2.13,3.00,3.25,3.50,3.00,3.75,3.00,3.25,24 Leane POULIQUEN,Leane POULIQUEN,FRA,13,40.89,24,19.92,21.47,-0.50
,Skating Skills,,,2.13,3.50,3.75,3.50,3.25,3.50,3.25,3.50,24 Leane POULIQUEN,Leane POULIQUEN,FRA,13,40.89,24,19.92,21.47,-0.50
1,2Lzq,F,2.10,-1.05,-5,-5,-5,-5,-5,-5,1.05,25 Melina BOURBON,Melina BOURBON,FRA,11,40.81,25,19.84,21.47,-0.50
2,2Lzq,q,2.10,-0.42,-2,-2,-2,-2,-2,-2,1.68,25 Melina BOURBON,Melina BOURBON,FRA,11,40.81,25,19.84,21.47,-0.50
3,2Lo<+2T<,<,2.40,-0.59,-5,-5,-4,-4,-4,-4,1.81,25 Melina BOURBON,Melina BOURBON,FRA,11,40.81,25,19.84,21.47,-0.50
4,2F<,<,1.44,-0.67,-5,-5,-5,-2,-4,-5,0.77,25 Melina BOURBON,Melina BOURBON,FRA,11,40.81,25,19.84,21.47,-0.50
5,ChSq1,,3.00,0.33,1,1,0,0,2,1,3.33,25 Melina BOURBON,Melina BOURBON,FRA,11,40.81,25,19.84,21.47,-0.50
6,FSSp4,,3.00,0.40,2,0,1,2,1,2,3.40,25 Melina BOURBON,Melina BOURBON,FRA,11,40.81,25,19.84,21.47,-0.50
7,2Lo<,<,1.36,-0.27,-3,-2,-2,-2,-2,-2,1.09,25 Melina BOURBON,Melina BOURBON,FRA,11,40.81,25,19.84,21.47,-0.50
8,1A+1Eu+2S,,2.90,-0.04,-1,-1,0,0,0,-1,2.86,25 Melina BOURBON,Melina BOURBON,FRA,11,40.81,25,19.84,21.47,-0.50
9,CCoSp4,,3.50,0.35,1,1,0,1,1,1,3.85,25 Melina BOURBON,Melina BOURBON,FRA,11,40.81,25,19.84,21.47,-0.50
Total,,,21.80,,,,,,,,19.84,25 Melina BOURBON,Melina BOURBON,FRA,11,40.81,25,19.84,21.47,-0.50
,Composition,,,2.13,3.75,3.50,3.50,2.75,4.25,4.00,3.58,25 Melina BOURBON,Melina BOURBON,FRA,11,40.81,25,19.84,21.47,-0.50
,Presentation,,,2.13,3.50,3.00,3.00,3.00,4.00,3.75,3.17,25 Melina BOURBON,Melina BOURBON,FRA,11,40.81,25,19.84,21.47,-0.50
,Skating Skills,,,2.13,3.50,3.00,3.50,3.00,4.00,3.50,3.33,25 Melina BOURBON,Melina BOURBON,FRA,11,40.81,25,19.84,21.47,-0.50
1,2F,,1.80,-0.54,-5,-2,-4,-3,-2,-4,1.26,26 Chloe ESCAPE,Chloe ESCAPE,FRA,5,40.04,26,18.93,21.11,0.00
2,2S+1A+2Lo+SEQ,,4.10,-0.45,-3,-2,-3,-3,-2,-2,3.65,26 Chloe ESCAPE,Chloe ESCAPE,FRA,5,40.04,26,18.93,21.11,0.00
3,CCoSp2,,2.50,0.00,0,1,0,0,-1,1,2.50,26 Chloe ESCAPE,Chloe ESCAPE,FRA,5,40.04,26,18.93,21.11,0.00
4,1Lz,,0.60,-0.04,0,-1,0,-2,-1,-1,0.56,26 Chloe ESCAPE,Chloe ESCAPE,FRA,5,40.04,26,18.93,21.11,0.00
5,ChSq1,,3.00,0.67,1,2,1,2,1,1,3.67,26 Chloe ESCAPE,Chloe ESCAPE,FRA,5,40.04,26,18.93,21.11,0.00
6,2Lo+2T<,<,2.74,-0.57,-4,-3,-4,-3,-3,-3,2.17,26 Chloe ESCAPE,Chloe ESCAPE,FRA,5,40.04,26,18.93,21.11,0.00
7,2Fq,q,1.80,-0.36,-2,-2,-2,-2,-2,-2,1.44,26 Chloe ESCAPE,Chloe ESCAPE,FRA,5,40.04,26,18.93,21.11,0.00
8,2T,,1.30,-0.13,-1,-1,-1,-2,-1,-1,1.17,26 Chloe ESCAPE,Chloe ESCAPE,FRA,5,40.04,26,18.93,21.11,0.00
9,FSSp3,,2.60,-0.09,1,-3,0,0,-1,0,2.51,26 Chloe ESCAPE,Chloe ESCAPE,FRA,5,40.04,26,18.93,21.11,0.00
Total,,,20.44,,,,,,,,18.93,26 Chloe ESCAPE,Chloe ESCAPE,FRA,5,40.04,26,18.93,21.11,0.00
,Composition,,,2.13,3.75,3.75,3.50,3.25,3.25,3.50,3.50,26 Chloe ESCAPE,Chloe ESCAPE,FRA,5,40.04,26,18.93,21.11,0.00
,Presentation,,,2.13,3.50,3.25,3.25,3.25,3.50,3.25,3.33,26 Chloe ESCAPE,Chloe ESCAPE,FRA,5,40.04,26,18.93,21.11,0.00
,Skating Skills,,,2.13,3.25,3.00,3.50,3.00,3.00,3.25,3.08,26 Chloe ESCAPE,Chloe ESCAPE,FRA,5,40.04,26,18.93,21.11,0.00
1,ChSq1,,3.00,0.00,1,0,0,0,0,0,3.00,27 Camille BERTOIS,Camille BERTOIS,FRA,2,37.64,27,17.37,20.77,-0.50
2,2Lz+1A+1T+SEQ,,3.60,0.00,0,0,0,0,1,1,3.60,27 Camille BERTOIS,Camille BERTOIS,FRA,2,37.64,27,17.37,20.77,-0.50
3,FCSSp2,,2.30,-0.38,-3,-2,-1,-1,-2,-1,1.92,27 Camille BERTOIS,Camille BERTOIS,FRA,2,37.64,27,17.37,20.77,-0.50
4,2Lo,F,1.70,-0.85,-5,-5,-5,-5,-5,-5,0.85,27 Camille BERTOIS,Camille BERTOIS,FRA,2,37.64,27,17.37,20.77,-0.50
5,2F,,1.80,0.06,0,0,0,1,1,1,1.86,27 Camille BERTOIS,Camille BERTOIS,FRA,2,37.64,27,17.37,20.77,-0.50
6,CCoSp4,,3.50,-0.23,-1,-1,0,0,-1,-1,3.27,27 Camille BERTOIS,Camille BERTOIS,FRA,2,37.64,27,17.37,20.77,-0.50
7,1Lz+1T,,1.00,0.02,1,0,0,0,1,1,1.02,27 Camille BERTOIS,Camille BERTOIS,FRA,2,37.64,27,17.37,20.77,-0.50
8,1F,,0.50,0.05,1,1,0,1,1,1,0.55,27 Camille BERTOIS,Camille BERTOIS,FRA,2,37.64,27,17.37,20.77,-0.50
9,2S,,1.30,0.00,0,0,0,0,0,-1,1.30,27 Camille BERTOIS,Camille BERTOIS,FRA,2,37.64,27,17.37,20.77,-0.50
Total,,,18.70,,,,,,,,17.37,27 Camille BERTOIS,Camille BERTOIS,FRA,2,37.64,27,17.37,20.77,-0.50
,Composition,,,2.13,2.75,2.75,3.50,3.50,3.25,3.75,3.17,27 Camille BERTOIS,Camille BERTOIS,FRA,2,37.64,27,17.37,20.77,-0.50
,Presentation,,,2.13,3.00,2.75,3.00,3.25,3.25,3.50,3.08,27 Camille BERTOIS,Camille BERTOIS,FRA,2,37.64,27,17.37,20.77,-0.50
,Skating Skills,,,2.13,3.50,3.50,3.50,3.50,3.50,3.50,3.50,27 Camille BERTOIS,Camille BERTOIS,FRA,2,37.64,27,17.37,20.77,-0.50
1,2Lo,,1.70,0.17,1,1,0,1,1,0,1.87,28 Oksana PACHOT,Oksana PACHOT,FRA,15,35.99,28,15.73,20.76,-0.50
2,1Lz,,0.60,0.00,0,0,0,0,-1,-1,0.60,28 Oksana PACHOT,Oksana PACHOT,FRA,15,35.99,28,15.73,20.76,-0.50
3,2Fe,F,1.44,-0.72,-5,-5,-5,-5,-5,-5,0.72,28 Oksana PACHOT,Oksana PACHOT,FRA,15,35.99,28,15.73,20.76,-0.50
4,CCoSp4,,3.50,-0.12,0,-2,-1,0,0,0,3.38,28 Oksana PACHOT,Oksana PACHOT,FRA,15,35.99,28,15.73,20.76,-0.50
5,ChSq1,,3.00,-0.17,-1,-1,0,0,0,-1,2.83,28 Oksana PACHOT,Oksana PACHOT,FRA,15,35.99,28,15.73,20.76,-0.50
6,1Lz,,0.60,-0.22,-3,-4,-4,-3,-4,-4,0.38,28 Oksana PACHOT,Oksana PACHOT,FRA,15,35.99,28,15.73,20.76,-0.50
7,2Fe+1A+SEQ,e,2.54,-0.48,-3,-3,-4,-4,-3,-4,2.06,28 Oksana PACHOT,Oksana PACHOT,FRA,15,35.99,28,15.73,20.76,-0.50
8,FCSSp3,,2.60,-0.52,-2,0,-2,-2,-2,-1,2.08,28 Oksana PACHOT,Oksana PACHOT,FRA,15,35.99,28,15.73,20.76,-0.50
9,2Lo,,1.70,0.11,0,1,0,1,1,0,1.81,28 Oksana PACHOT,Oksana PACHOT,FRA,15,35.99,28,15.73,20.76,-0.50
Total,,,17.68,,,,,,,,15.73,28 Oksana PACHOT,Oksana PACHOT,FRA,15,35.99,28,15.73,20.76,-0.50
,Composition,,,2.13,3.25,3.50,3.50,3.25,3.75,3.25,3.42,28 Oksana PACHOT,Oksana PACHOT,FRA,15,35.99,28,15.73,20.76,-0.50
,Presentation,,,2.13,3.00,3.00,3.00,3.25,3.75,3.00,3.08,28 Oksana PACHOT,Oksana PACHOT,FRA,15,35.99,28,15.73,20.76,-0.50
,Skating Skills,,,2.13,3.25,3.25,3.25,3.00,3.75,3.50,3.25,28 Oksana PACHOT,Oksana PACHOT,FRA,15,35.99,28,15.73,20.76,-0.50
1,1A+2Lo,,2.80,-0.34,-3,-2,-2,-2,-2,-3,2.46,29 Lily CONFORT,Lily CONFORT,FRA,12,35.63,29,18.29,19.34,-2.00
2,2F,F,1.80,-0.90,-5,-5,-5,-5,-5,-5,0.90,29 Lily CONFORT,Lily CONFORT,FRA,12,35.63,29,18.29,19.34,-2.00
3,2Lz,F,2.10,-1.05,-5,-5,-5,-5,-5,-5,1.05,29 Lily CONFORT,Lily CONFORT,FRA,12,35.63,29,18.29,19.34,-2.00
4,CCoSp3,,3.00,-0.20,0,0,-1,-1,-1,0,2.80,29 Lily CONFORT,Lily CONFORT,FRA,12,35.63,29,18.29,19.34,-2.00
5,2Lzq,q,2.10,-0.42,-2,-2,-2,-2,-3,-2,1.68,29 Lily CONFORT,Lily CONFORT,FRA,12,35.63,29,18.29,19.34,-2.00
6,2Fq+1A+2T<+SEQ,F,3.94,-0.90,-5,-5,-5,-5,-5,-5,3.04,29 Lily CONFORT,Lily CONFORT,FRA,12,35.63,29,18.29,19.34,-2.00
7,FCSSp3,,2.60,-0.09,-1,-1,0,1,0,1,2.51,29 Lily CONFORT,Lily CONFORT,FRA,12,35.63,29,18.29,19.34,-2.00
8,ChSq1,,3.00,0.00,-2,0,0,0,1,-2,3.00,29 Lily CONFORT,Lily CONFORT,FRA,12,35.63,29,18.29,19.34,-2.00
9,2Loq,F,1.70,-0.85,-5,-5,-5,-5,-5,-5,0.85,29 Lily CONFORT,Lily CONFORT,FRA,12,35.63,29,18.29,19.34,-2.00
Total,,,23.04,,,,,,,,18.29,29 Lily CONFORT,Lily CONFORT,FRA,12,35.63,29,18.29,19.34,-2.00
,Composition,,,2.13,3.25,3.25,3.00,2.75,3.00,3.00,3.08,29 Lily CONFORT,Lily CONFORT,FRA,12,35.63,29,18.29,19.34,-2.00
,Presentation,,,2.13,3.25,3.25,2.75,2.75,2.75,3.25,2.92,29 Lily CONFORT,Lily CONFORT,FRA,12,35.63,29,18.29,19.34,-2.00
,Skating Skills,,,2.13,3.00,3.00,3.25,3.00,3.50,2.75,3.08,29 Lily CONFORT,Lily CONFORT,FRA,12,35.63,29,18.29,19.34,-2.00
1,2Fe+1A+2T+SEQ,e,3.84,-0.43,-2,-3,-3,-4,-3,-3,3.41,30 Carla GARCIA,Carla GARCIA,FRA,16,35.53,30,17.03,19.00,-0.50
2,2Lz!,!,2.10,-0.35,-2,-2,-1,-2,-1,-1,1.75,30 Carla GARCIA,Carla GARCIA,FRA,16,35.53,30,17.03,19.00,-0.50
3,2S,,1.30,0.09,1,1,0,0,1,1,1.39,30 Carla GARCIA,Carla GARCIA,FRA,16,35.53,30,17.03,19.00,-0.50
4,2Lo,,1.70,0.00,0,1,0,0,0,0,1.70,30 Carla GARCIA,Carla GARCIA,FRA,16,35.53,30,17.03,19.00,-0.50
5,CCoSp,,0.00,0.00,-,-,-,-,-,-,0.00,30 Carla GARCIA,Carla GARCIA,FRA,16,35.53,30,17.03,19.00,-0.50
6,2Lzq,F,2.10,-1.05,-5,-5,-5,-5,-5,-5,1.05,30 Carla GARCIA,Carla GARCIA,FRA,16,35.53,30,17.03,19.00,-0.50
7,ChSq1,,3.00,-0.33,-2,-1,-1,0,0,-2,2.67,30 Carla GARCIA,Carla GARCIA,FRA,16,35.53,30,17.03,19.00,-0.50
8,2Fe+2Lo,e,3.14,-0.51,-3,-3,-3,-4,-3,-3,2.63,30 Carla GARCIA,Carla GARCIA,FRA,16,35.53,30,17.03,19.00,-0.50
9,FCSSp3,,2.60,-0.17,-1,-3,0,0,-1,0,2.43,30 Carla GARCIA,Carla GARCIA,FRA,16,35.53,30,17.03,19.00,-0.50
Total,,,19.78,,,,,,,,17.03,30 Carla GARCIA,Carla GARCIA,FRA,16,35.53,30,17.03,19.00,-0.50
,Composition,,,2.13,2.75,2.75,3.00,3.25,3.25,3.50,3.00,30 Carla GARCIA,Carla GARCIA,FRA,16,35.53,30,17.03,19.00,-0.50
,Presentation,,,2.13,2.75,2.75,2.75,3.25,2.75,3.25,2.75,30 Carla GARCIA,Carla GARCIA,FRA,16,35.53,30,17.03,19.00,-0.50
,Skating Skills,,,2.13,3.00,3.00,3.50,3.00,3.50,3.25,3.17,30 Carla GARCIA,Carla GARCIA,FRA,16,35.53,30,17.03,19.00,-0.50
